[{"model": "formula.cover", "pk": 1, "fields": {"title": "Драники по-царски", "author": "Андрей Андреевич", "photo": "dish/draniki-po-tsarski_YWCwcWL.jpg", "cooking_time": 40, "time_create": "2021-10-29T13:18:12.603Z", "time_update": "2021-10-29T13:21:21.390Z"}}, {"model": "formula.cover", "pk": 2, "fields": {"title": "Суфле мясное, запеченное в духовке с овощами", "author": "Артур Забугуртин", "photo": "dish/sufle-mjasnoe-zapechennoe-v-duhovke-s-ovoschami.jpg", "cooking_time": 180, "time_create": "2021-10-29T13:27:19.044Z", "time_update": "2021-10-29T13:29:48.840Z"}}, {"model": "formula.cover", "pk": 3, "fields": {"title": "Блины на закваске", "author": "Кирил Кирилович", "photo": "dish/bliny-na-zakvaske_fI5M4H1.jpg", "cooking_time": 20, "time_create": "2021-10-29T13:34:10.578Z", "time_update": "2021-10-29T13:34:10.578Z"}}, {"model": "formula.cover", "pk": 4, "fields": {"title": "Рыбные котлеты на пару", "author": "Алина", "photo": "dish/rybnye-kotlety-na-paru.jpg", "cooking_time": 25, "time_create": "2021-10-29T13:36:39.212Z", "time_update": "2021-10-29T13:36:39.212Z"}}, {"model": "formula.cover", "pk": 5, "fields": {"title": "Тёплый осенний напиток «Варежка»", "author": "Алина Алиновна", "photo": "dish/teplyj-osennij-napitok-varezhka.jpg", "cooking_time": 10, "time_create": "2021-10-29T13:40:17.233Z", "time_update": "2021-10-29T13:40:17.233Z"}}, {"model": "formula.cover", "pk": 6, "fields": {"title": "Острый салат из зелёных помидоров", "author": "Андрей Андреевич", "photo": "dish/ostryj-salat-iz-zelenyh-pomidorov.jpg", "cooking_time": 50, "time_create": "2021-10-29T13:44:05.006Z", "time_update": "2021-10-29T13:44:05.006Z"}}, {"model": "formula.recipe", "pk": 6, "fields": {"instruction": "Подготовить ингредиенты.\r\nЗеленые помидоры разрезать пополам, а затем каждую половинку нарезать тонкими полукольцами. Посолить, перемешать и оставить на 20 минут. Выделившейся сок нужно будет слить, он не нужен.\r\nМорковь натереть на терке для корейских салатов. Сладкий перец нарезать соломкой.\r\nВ сковороде разогреть растительное масло, добавить в него измельченные, кориандр и чили. Дать прогреться вместе полминуты.\r\nВылить горячее ароматное масло в овощную нарезку. Перемешать. Добавить сахар, уксус и чеснок через пресс. Еще раз перемешать, уплотнить и дать настояться в холодильнике.\r\nОстрый салат из зелёных помидоров готов. Приятного аппетита!", "proteins": 5.0, "fats": 6.0, "carbohydrates": 7.0, "calories": 70.0}}, {"model": "formula.recipe", "pk": 5, "fields": {"instruction": "Этим рецептом с нами поделился шеф-повар корнера «BANANAS» в рамках гастрономического фестиваля «Кругосветка в strEAT: бархатный сезон». Для начала нужно подготовить ингредиенты.\r\nИз небольшого кусочка имбиря выжать сок.\r\nТо же самое повторить с яблоком, чтобы получить свежевыжатый сок.\r\nОчистить лимон от кожуры и выжать сок из мякоти.\r\nВ блендер выложить ягоды (малину и клюкву). Влить полученную смесь соков и добавить щепотку корицы. Все взбить.\r\nЗаполнить кружку для подачи наполовину.\r\nРазбавить наполовину горячей водой.\r\nУкрасить листиком мяты и корицей и можно подавать.", "proteins": 0.0, "fats": 0.0, "carbohydrates": 0.0, "calories": 140.0}}, {"model": "formula.recipe", "pk": 4, "fields": {"instruction": "Подготовить ингредиенты. Овощи очистить от кожуры, филе рыбы нарезать кусочками.\r\nПропустить овощи и рыбу через мясорубку.\r\nДобавить яйцо, зелень, посолить.\r\nТщательно перемешать и сформировать котлеты.\r\nГотовить на пару до готовности, примерно 25 минут.\r\nПодавать с овощным рагу или картофельным пюре. Приятного аппетита!", "proteins": 12.0, "fats": 1.0, "carbohydrates": 4.0, "calories": 115.0}}, {"model": "formula.recipe", "pk": 3, "fields": {"instruction": "Это отличный способ утилизировать остатки пшеничной или ржаной закваски для хлеба. Подготовить ингредиенты. Вода должна быть горячей. Можно использовать смесь молока и воды.\r\nВ закваску влить половину теплой воды, перемешать.\r\nВвести яйца, перемешать.\r\nВсыпать сахар, соль и муку, перемешать до однородности.\r\nВлить растительное масло и оставшуюся горячую воду, еще раз перемешать.\r\nВыпекать блинчики с каждой стороны до золотистости.\r\nПодавать со сметаной или вареньем.", "proteins": 50.0, "fats": 17.0, "carbohydrates": 365.0, "calories": 274.0}}, {"model": "formula.recipe", "pk": 2, "fields": {"instruction": "Подготовьте ингредиенты.\r\nМясо предварительно отварить до готовности в подсоленной воде. В фуд-процессор (широкий блендер) с насадкой «нож» положить отварное нарезанное кусочками мясо, творожный сыр, панировочные сухари, разбить яйцо, влить сливки, натереть зубчик чеснока, посолить. Взбить всё вместе до однородного пюре.\r\nНебольшую прямоугольную форму для запекания (как для кекса) выстелить внутри фольгой, смазать маслом, выложить туда мясную массу. Накрыть форму плотно фольгой и поставить в нагретую духовку в 180 гр. На 30 минут.\r\nЗатем, вынуть форму из духовки и оставить остужаться минут на 20-30. Открыть фольгу, нарезать порционно. Не режьте суфле в горячем виде, дайте ему немного времени «закрепиться» для того, чтобы оно не распадалось при нарезании.\r\nГотовим гарнир из овощей. Очищенные морковь и картофель положить в кипящую воду, проварить 5 минут, вынуть из воды.\r\nВ форму для запекания выложить нарезанную тыкву, разобранную на соцветия цветную капусту, подготовленные нарезанные морковь и картофель, лук репчатый, нарезанный на 4 части. Приправить овощи солью, тимьяном, сбрызнуть оливковым маслом, перемешать.\r\nВ последние 10-15 минут запекания снять фольгу и дать овощам подрумяниться.\r\nПодавать с гарниром из овощей. Приятного аппетита!", "proteins": 60.0, "fats": 20.0, "carbohydrates": 50.0, "calories": 140.0}}, {"model": "formula.recipe", "pk": 1, "fields": {"instruction": "Натереть картофель на мелкой терке. Чтобы он не потемнел, складывайте массу в миску с холодной водой. Натереть лук, картофель отжать и добавить к луковой массе.\r\nК картофельно-луковой массе добавить соль, яйцо, муку и тщательно перемешать. Выложить в дуршлаг, чтобы стекала лишняя жидкость.\r\nРазогреть сковороду с растительным маслом (мощность 7 из 9). Выкладывать \"тесто\" через кулинарное кольцо, хорошо прижимая. \r\nОбжарить драники с двух сторон, а затем выложить на бумажное полотенце, чтобы стек лишний жир.\r\nДля приготовления соуса сливки взбить блендером до такой степени, чтобы стояла ложка.\r\nСоединить взбитые сливки с дижонской горчицей, лимонным соком, солью, перцем, зеленым луком и икрой щуки, аккуратно перемешать.\r\nГотовые драники выложить на красивую тарелку, сверху — соус с  щучьей икрой. Украсить красной икрой, завитками из лука, по желанию можно добавить яйца пашот. Такую закуску можно разложить и порционно на каждый драник: драник-соус-семга цветочком-икра-луковые завитки — и подать к праздничному столу.", "proteins": 90.0, "fats": 140.0, "carbohydrates": 70.0, "calories": 200.0}}, {"model": "formula.ingredients", "pk": 1, "fields": {"recipe": 1, "ingredients_name": "Картофель", "amount": "700 г"}}, {"model": "formula.ingredients", "pk": 2, "fields": {"recipe": 1, "ingredients_name": "Лук", "amount": "1 шт."}}, {"model": "formula.ingredients", "pk": 3, "fields": {"recipe": 1, "ingredients_name": "Яйца куриные", "amount": "1 шт."}}, {"model": "formula.ingredients", "pk": 4, "fields": {"recipe": 1, "ingredients_name": "Мука", "amount": "1 ст.л."}}, {"model": "formula.ingredients", "pk": 5, "fields": {"recipe": 1, "ingredients_name": "Соль", "amount": "1 щепотка"}}, {"model": "formula.ingredients", "pk": 6, "fields": {"recipe": 1, "ingredients_name": "Масло растительное", "amount": "2 ст.л."}}, {"model": "formula.ingredients", "pk": 7, "fields": {"recipe": 1, "ingredients_name": "Икра щуки", "amount": "60 г"}}, {"model": "formula.ingredients", "pk": 8, "fields": {"recipe": 1, "ingredients_name": "Сливки молочные", "amount": "100 мл"}}, {"model": "formula.ingredients", "pk": 9, "fields": {"recipe": 1, "ingredients_name": "Горчица", "amount": "1 ч.л."}}, {"model": "formula.ingredients", "pk": 10, "fields": {"recipe": 1, "ingredients_name": "Сок лимонный", "amount": "1 ч.л."}}, {"model": "formula.ingredients", "pk": 11, "fields": {"recipe": 1, "ingredients_name": "Лук зеленый", "amount": "1 ст.л."}}, {"model": "formula.ingredients", "pk": 12, "fields": {"recipe": 1, "ingredients_name": "Икра красная", "amount": "1 ст.л."}}, {"model": "formula.ingredients", "pk": 13, "fields": {"recipe": 1, "ingredients_name": "Перец черный", "amount": "1 щепотка"}}, {"model": "formula.ingredients", "pk": 35, "fields": {"recipe": 2, "ingredients_name": "Говядина (мякоть)", "amount": "500"}}, {"model": "formula.ingredients", "pk": 36, "fields": {"recipe": 2, "ingredients_name": "Сыр творожный", "amount": "250 г"}}, {"model": "formula.ingredients", "pk": 37, "fields": {"recipe": 2, "ingredients_name": "Морковь", "amount": "2 шт."}}, {"model": "formula.ingredients", "pk": 38, "fields": {"recipe": 2, "ingredients_name": "Картофель", "amount": "3 шт."}}, {"model": "formula.ingredients", "pk": 39, "fields": {"recipe": 2, "ingredients_name": "Лук", "amount": "1 шт."}}, {"model": "formula.ingredients", "pk": 40, "fields": {"recipe": 2, "ingredients_name": "Тимьян", "amount": "2 веточки"}}, {"model": "formula.ingredients", "pk": 41, "fields": {"recipe": 2, "ingredients_name": "Соль", "amount": "по вкусу"}}, {"model": "formula.ingredients", "pk": 42, "fields": {"recipe": 2, "ingredients_name": "Масло оливковое", "amount": "по вкусу"}}, {"model": "formula.ingredients", "pk": 43, "fields": {"recipe": 2, "ingredients_name": "Сливки молочные (10%)", "amount": "200 мл"}}, {"model": "formula.ingredients", "pk": 44, "fields": {"recipe": 2, "ingredients_name": "Сухари панировочные", "amount": "3 ст.л."}}, {"model": "formula.ingredients", "pk": 45, "fields": {"recipe": 2, "ingredients_name": "Тыква", "amount": "300 г"}}, {"model": "formula.ingredients", "pk": 46, "fields": {"recipe": 2, "ingredients_name": "Капуста цветная", "amount": "250 г"}}, {"model": "formula.ingredients", "pk": 47, "fields": {"recipe": 2, "ingredients_name": "Яйца куриные", "amount": "1 шт."}}, {"model": "formula.ingredients", "pk": 48, "fields": {"recipe": 3, "ingredients_name": "Закваска для творога", "amount": "60 г"}}, {"model": "formula.ingredients", "pk": 49, "fields": {"recipe": 3, "ingredients_name": "Вода", "amount": "500 г"}}, {"model": "formula.ingredients", "pk": 50, "fields": {"recipe": 3, "ingredients_name": "Яйца куриные", "amount": "2 шт."}}, {"model": "formula.ingredients", "pk": 51, "fields": {"recipe": 3, "ingredients_name": "Соль", "amount": "0,5 ч.л."}}, {"model": "formula.ingredients", "pk": 52, "fields": {"recipe": 3, "ingredients_name": "Сахар", "amount": "1 ст.л."}}, {"model": "formula.ingredients", "pk": 53, "fields": {"recipe": 3, "ingredients_name": "Мука", "amount": "180 г"}}, {"model": "formula.ingredients", "pk": 54, "fields": {"recipe": 3, "ingredients_name": "Масло растительное", "amount": "3 ст.л."}}, {"model": "formula.ingredients", "pk": 55, "fields": {"recipe": 4, "ingredients_name": "Филе рыбы", "amount": "900 г"}}, {"model": "formula.ingredients", "pk": 56, "fields": {"recipe": 4, "ingredients_name": "Картофель", "amount": "2 шт."}}, {"model": "formula.ingredients", "pk": 57, "fields": {"recipe": 4, "ingredients_name": "Яйца куриные", "amount": "1 шт."}}, {"model": "formula.ingredients", "pk": 58, "fields": {"recipe": 4, "ingredients_name": "Зелень", "amount": "150 г"}}, {"model": "formula.ingredients", "pk": 59, "fields": {"recipe": 4, "ingredients_name": "Соль", "amount": "по вкусу"}}, {"model": "formula.ingredients", "pk": 60, "fields": {"recipe": 5, "ingredients_name": "Малина", "amount": "3 ст.л."}}, {"model": "formula.ingredients", "pk": 61, "fields": {"recipe": 5, "ingredients_name": "Клюква", "amount": "1 ст.л."}}, {"model": "formula.ingredients", "pk": 62, "fields": {"recipe": 5, "ingredients_name": "Корица", "amount": "1 щепотка"}}, {"model": "formula.ingredients", "pk": 63, "fields": {"recipe": 5, "ingredients_name": "Имбирь (маленький кусочек)", "amount": "по вкусу"}}, {"model": "formula.ingredients", "pk": 64, "fields": {"recipe": 5, "ingredients_name": "Лимон", "amount": "1 шт."}}, {"model": "formula.ingredients", "pk": 65, "fields": {"recipe": 5, "ingredients_name": "Сок яблочный", "amount": "300 мл"}}, {"model": "formula.ingredients", "pk": 66, "fields": {"recipe": 5, "ingredients_name": "Вода", "amount": "250 мл"}}, {"model": "formula.ingredients", "pk": 67, "fields": {"recipe": 5, "ingredients_name": "Мята (для подачи)", "amount": "по вкусу"}}, {"model": "formula.ingredients", "pk": 68, "fields": {"recipe": 6, "ingredients_name": "Помидоры", "amount": "1 кг"}}, {"model": "formula.ingredients", "pk": 69, "fields": {"recipe": 6, "ingredients_name": "Перец сладкий", "amount": "1 шт."}}, {"model": "formula.ingredients", "pk": 70, "fields": {"recipe": 6, "ingredients_name": "Чеснок", "amount": "3 зубчика"}}, {"model": "formula.ingredients", "pk": 71, "fields": {"recipe": 6, "ingredients_name": "Морковь", "amount": "1 шт."}}, {"model": "formula.ingredients", "pk": 72, "fields": {"recipe": 6, "ingredients_name": "Соль", "amount": "1 ст.л."}}, {"model": "formula.ingredients", "pk": 73, "fields": {"recipe": 6, "ingredients_name": "Сахар", "amount": "3 ст.л."}}, {"model": "formula.ingredients", "pk": 74, "fields": {"recipe": 6, "ingredients_name": "Кориандр", "amount": "1 ч.л."}}, {"model": "formula.ingredients", "pk": 75, "fields": {"recipe": 6, "ingredients_name": "Уксус яблочный", "amount": "2 ст.л."}}, {"model": "formula.ingredients", "pk": 76, "fields": {"recipe": 6, "ingredients_name": "Чили", "amount": "1 шт."}}, {"model": "formula.ingredients", "pk": 77, "fields": {"recipe": 6, "ingredients_name": "Масло постное", "amount": "5 ст.л."}}]